{
    "$schema": "http://schema.management.azure.com/schemas/2015-01-01/deploymentTemplate.json#",
    "contentVersion": "1.0.0.0",
    "parameters": {
        "factoryName": {
            "type": "string",
            "metadata": "Data Factory name",
            "defaultValue": "ramadf9"
        }
    },
    "variables": {
        "factoryId": "[concat('Microsoft.DataFactory/factories/', parameters('factoryName'))]"
    },
    "resources": [
        {
            "name": "[concat(parameters('factoryName'), '/OnPremisesADLS')]",
            "type": "Microsoft.DataFactory/factories/datasets",
            "apiVersion": "2018-06-01",
            "properties": {
                "linkedServiceName": {
                    "referenceName": "NeudesicOnPremisesCovid",
                    "type": "LinkedServiceReference"
                },
                "folder": {
                    "name": "Ram DataSets"
                },
                "annotations": [],
                "type": "DelimitedText",
                "typeProperties": {
                    "location": {
                        "type": "FileServerLocation"
                    },
                    "columnDelimiter": ",",
                    "escapeChar": "\\",
                    "firstRowAsHeader": true,
                    "quoteChar": "\""
                },
                "schema": []
            },
            "dependsOn": []
        },
        {
            "name": "[concat(parameters('factoryName'), '/dataflow1')]",
            "type": "Microsoft.DataFactory/factories/dataflows",
            "apiVersion": "2018-06-01",
            "properties": {
                "type": "MappingDataFlow",
                "typeProperties": {
                    "sources": [
                        {
                            "dataset": {
                                "referenceName": "DataFlowSequel",
                                "type": "DatasetReference"
                            },
                            "name": "PullFromSequel"
                        },
                        {
                            "dataset": {
                                "referenceName": "ProductItem",
                                "type": "DatasetReference"
                            },
                            "name": "ProductItemSource"
                        }
                    ],
                    "sinks": [
                        {
                            "dataset": {
                                "referenceName": "SelectToADLS",
                                "type": "DatasetReference"
                            },
                            "name": "SendToADLS"
                        }
                    ],
                    "transformations": [
                        {
                            "name": "LookUpProductItem"
                        },
                        {
                            "name": "SelectColumns"
                        }
                    ],
                    "script": "source(output(\n\t\tId as integer,\n\t\tName as string,\n\t\tType as string,\n\t\tPrice as double\n\t),\n\tallowSchemaDrift: true,\n\tvalidateSchema: false,\n\tisolationLevel: 'READ_UNCOMMITTED',\n\tformat: 'table') ~> PullFromSequel\nsource(output(\n\t\tId as integer,\n\t\tProductItem as string,\n\t\tProductId as integer\n\t),\n\tallowSchemaDrift: true,\n\tvalidateSchema: false,\n\tisolationLevel: 'READ_UNCOMMITTED',\n\tformat: 'table') ~> ProductItemSource\nProductItemSource, PullFromSequel lookup(ProductId == PullFromSequel@Id,\n\tmultiple: false,\n\tpickup: 'any',\n\tbroadcast: 'auto')~> LookUpProductItem\nLookUpProductItem select(mapColumn(\n\t\tProductItem,\n\t\tId = PullFromSequel@Id,\n\t\tName,\n\t\tType,\n\t\tPrice\n\t),\n\tskipDuplicateMapInputs: true,\n\tskipDuplicateMapOutputs: true) ~> SelectColumns\nSelectColumns sink(allowSchemaDrift: true,\n\tvalidateSchema: false,\n\tskipDuplicateMapInputs: true,\n\tskipDuplicateMapOutputs: true) ~> SendToADLS"
                }
            },
            "dependsOn": []
        },
        {
            "name": "[concat(parameters('factoryName'), '/LookUp Activity')]",
            "type": "Microsoft.DataFactory/factories/pipelines",
            "apiVersion": "2018-06-01",
            "properties": {
                "activities": [
                    {
                        "name": "OnPrem File",
                        "type": "Lookup",
                        "dependsOn": [],
                        "policy": {
                            "timeout": "7.00:00:00",
                            "retry": 0,
                            "retryIntervalInSeconds": 30,
                            "secureOutput": false,
                            "secureInput": false
                        },
                        "userProperties": [],
                        "typeProperties": {
                            "source": {
                                "type": "DelimitedTextSource",
                                "storeSettings": {
                                    "type": "FileServerReadSettings",
                                    "recursive": true
                                },
                                "formatSettings": {
                                    "type": "DelimitedTextReadSettings"
                                }
                            },
                            "dataset": {
                                "referenceName": "OnPremFile",
                                "type": "DatasetReference",
                                "parameters": {}
                            },
                            "firstRowOnly": false
                        }
                    }
                ],
                "folder": {
                    "name": "Ram Pipelines"
                },
                "annotations": []
            },
            "dependsOn": []
        },
        {
            "name": "[concat(parameters('factoryName'), '/OnPremises To ADLS')]",
            "type": "Microsoft.DataFactory/factories/pipelines",
            "apiVersion": "2018-06-01",
            "properties": {
                "activities": [
                    {
                        "name": "OnPremises Metadata",
                        "type": "GetMetadata",
                        "dependsOn": [],
                        "policy": {
                            "timeout": "7.00:00:00",
                            "retry": 0,
                            "retryIntervalInSeconds": 30,
                            "secureOutput": false,
                            "secureInput": false
                        },
                        "userProperties": [],
                        "typeProperties": {
                            "dataset": {
                                "referenceName": "OnPremisesADLS",
                                "type": "DatasetReference",
                                "parameters": {}
                            },
                            "fieldList": [
                                "childItems"
                            ],
                            "storeSettings": {
                                "type": "FileServerReadSettings",
                                "recursive": true
                            },
                            "formatSettings": {
                                "type": "DelimitedTextReadSettings"
                            }
                        }
                    },
                    {
                        "name": "For Each Covid",
                        "type": "ForEach",
                        "dependsOn": [
                            {
                                "activity": "OnPremises Metadata",
                                "dependencyConditions": [
                                    "Succeeded"
                                ]
                            }
                        ],
                        "userProperties": [],
                        "typeProperties": {
                            "items": {
                                "value": "@activity('OnPremises Metadata').output.value",
                                "type": "Expression"
                            },
                            "isSequential": true,
                            "activities": [
                                {
                                    "name": "Copy to ADLS",
                                    "type": "Copy",
                                    "dependsOn": [],
                                    "policy": {
                                        "timeout": "7.00:00:00",
                                        "retry": 0,
                                        "retryIntervalInSeconds": 30,
                                        "secureOutput": false,
                                        "secureInput": false
                                    },
                                    "userProperties": [],
                                    "typeProperties": {
                                        "source": {
                                            "type": "DelimitedTextSource",
                                            "storeSettings": {
                                                "type": "FileServerReadSettings",
                                                "recursive": true,
                                                "wildcardFileName": {
                                                    "value": "@{item().name}",
                                                    "type": "Expression"
                                                },
                                                "enablePartitionDiscovery": false
                                            },
                                            "formatSettings": {
                                                "type": "DelimitedTextReadSettings"
                                            }
                                        },
                                        "sink": {
                                            "type": "DelimitedTextSink",
                                            "storeSettings": {
                                                "type": "AzureBlobFSWriteSettings"
                                            },
                                            "formatSettings": {
                                                "type": "DelimitedTextWriteSettings",
                                                "quoteAllText": true,
                                                "fileExtension": ".txt"
                                            }
                                        },
                                        "enableStaging": false
                                    },
                                    "inputs": [
                                        {
                                            "referenceName": "CovidFiles",
                                            "type": "DatasetReference",
                                            "parameters": {}
                                        }
                                    ],
                                    "outputs": [
                                        {
                                            "referenceName": "ADLSCopy",
                                            "type": "DatasetReference",
                                            "parameters": {}
                                        }
                                    ]
                                }
                            ]
                        }
                    }
                ],
                "folder": {
                    "name": "Ram Pipelines"
                },
                "annotations": []
            },
            "dependsOn": [
                "[concat(variables('factoryId'), '/datasets/OnPremisesADLS')]"
            ]
        },
        {
            "name": "[concat(parameters('factoryName'), '/OnPremises to Sequel')]",
            "type": "Microsoft.DataFactory/factories/pipelines",
            "apiVersion": "2018-06-01",
            "properties": {
                "activities": [
                    {
                        "name": "OnPremises Covid FIles",
                        "type": "Copy",
                        "dependsOn": [],
                        "policy": {
                            "timeout": "7.00:00:00",
                            "retry": 0,
                            "retryIntervalInSeconds": 30,
                            "secureOutput": false,
                            "secureInput": false
                        },
                        "userProperties": [],
                        "typeProperties": {
                            "source": {
                                "type": "DelimitedTextSource",
                                "storeSettings": {
                                    "type": "FileServerReadSettings",
                                    "recursive": true,
                                    "wildcardFileName": "*"
                                },
                                "formatSettings": {
                                    "type": "DelimitedTextReadSettings"
                                }
                            },
                            "sink": {
                                "type": "AzureSqlSink"
                            },
                            "enableStaging": false,
                            "enableSkipIncompatibleRow": true,
                            "translator": {
                                "type": "TabularTranslator",
                                "mappings": [
                                    {
                                        "source": {
                                            "name": "FIPS",
                                            "type": "String"
                                        },
                                        "sink": {
                                            "name": "FIPS",
                                            "type": "Int32"
                                        }
                                    },
                                    {
                                        "source": {
                                            "name": "Admin2",
                                            "type": "String"
                                        },
                                        "sink": {
                                            "name": "Admin2",
                                            "type": "String"
                                        }
                                    },
                                    {
                                        "source": {
                                            "name": "Province_State",
                                            "type": "String"
                                        },
                                        "sink": {
                                            "name": "Province_State",
                                            "type": "String"
                                        }
                                    },
                                    {
                                        "source": {
                                            "name": "Country_Region",
                                            "type": "String"
                                        },
                                        "sink": {
                                            "name": "Country_Region",
                                            "type": "String"
                                        }
                                    },
                                    {
                                        "source": {
                                            "name": "Last_Update",
                                            "type": "String"
                                        },
                                        "sink": {
                                            "name": "Last_Update",
                                            "type": "DateTime"
                                        }
                                    },
                                    {
                                        "source": {
                                            "name": "Lat",
                                            "type": "String"
                                        },
                                        "sink": {
                                            "name": "Latitude",
                                            "type": "Decimal"
                                        }
                                    },
                                    {
                                        "source": {
                                            "name": "Long_",
                                            "type": "String"
                                        },
                                        "sink": {
                                            "name": "Longitude",
                                            "type": "Decimal"
                                        }
                                    },
                                    {
                                        "source": {
                                            "name": "Confirmed",
                                            "type": "String"
                                        },
                                        "sink": {
                                            "name": "ConfirmedPeople",
                                            "type": "Int32"
                                        }
                                    },
                                    {
                                        "source": {
                                            "name": "Deaths",
                                            "type": "String"
                                        },
                                        "sink": {
                                            "name": "Deaths",
                                            "type": "Int32"
                                        }
                                    },
                                    {
                                        "source": {
                                            "name": "Recovered",
                                            "type": "String"
                                        },
                                        "sink": {
                                            "name": "Recovered",
                                            "type": "Int32"
                                        }
                                    },
                                    {
                                        "source": {
                                            "name": "Active",
                                            "type": "String"
                                        },
                                        "sink": {
                                            "name": "Active",
                                            "type": "Int32"
                                        }
                                    },
                                    {
                                        "source": {
                                            "name": "Combined_Key",
                                            "type": "String"
                                        },
                                        "sink": {
                                            "name": "Combined_Key",
                                            "type": "String"
                                        }
                                    }
                                ]
                            }
                        },
                        "inputs": [
                            {
                                "referenceName": "CovidFiles",
                                "type": "DatasetReference",
                                "parameters": {}
                            }
                        ],
                        "outputs": [
                            {
                                "referenceName": "AzureSequel",
                                "type": "DatasetReference",
                                "parameters": {}
                            }
                        ]
                    },
                    {
                        "name": "Send Mail",
                        "type": "AzureFunctionActivity",
                        "dependsOn": [
                            {
                                "activity": "OnPremises Covid FIles",
                                "dependencyConditions": [
                                    "Succeeded"
                                ]
                            }
                        ],
                        "policy": {
                            "timeout": "7.00:00:00",
                            "retry": 0,
                            "retryIntervalInSeconds": 30,
                            "secureOutput": false,
                            "secureInput": false
                        },
                        "userProperties": [],
                        "typeProperties": {
                            "functionName": "ADFOutput",
                            "method": "POST",
                            "headers": {},
                            "body": {
                                "name": "Azure"
                            }
                        },
                        "linkedServiceName": {
                            "referenceName": "MailFunction",
                            "type": "LinkedServiceReference"
                        }
                    }
                ],
                "folder": {
                    "name": "Ram Pipelines"
                },
                "annotations": []
            },
            "dependsOn": []
        },
        {
            "name": "[concat(parameters('factoryName'), '/Parameterized Pipeline')]",
            "type": "Microsoft.DataFactory/factories/pipelines",
            "apiVersion": "2018-06-01",
            "properties": {
                "activities": [
                    {
                        "name": "Sequel Pull",
                        "type": "Lookup",
                        "dependsOn": [],
                        "policy": {
                            "timeout": "7.00:00:00",
                            "retry": 0,
                            "retryIntervalInSeconds": 30,
                            "secureOutput": false,
                            "secureInput": false
                        },
                        "userProperties": [],
                        "typeProperties": {
                            "source": {
                                "type": "AzureSqlSource",
                                "sqlReaderQuery": "Select * From Products",
                                "queryTimeout": "02:00:00"
                            },
                            "dataset": {
                                "referenceName": "ParametererizedDataSet",
                                "type": "DatasetReference",
                                "parameters": {
                                    "DataSetParam": {
                                        "value": "@pipeline().parameters.ServerNames",
                                        "type": "Expression"
                                    }
                                }
                            },
                            "firstRowOnly": false
                        }
                    },
                    {
                        "name": "Perform DataFlow Mappings",
                        "type": "ExecuteDataFlow",
                        "dependsOn": [],
                        "policy": {
                            "timeout": "7.00:00:00",
                            "retry": 0,
                            "retryIntervalInSeconds": 30,
                            "secureOutput": false,
                            "secureInput": false
                        },
                        "userProperties": [],
                        "typeProperties": {
                            "dataflow": {
                                "referenceName": "dataflow1",
                                "type": "DataFlowReference",
                                "parameters": {},
                                "datasetParameters": {
                                    "PullFromSequel": {},
                                    "ProductItemSource": {},
                                    "SendToADLS": {}
                                }
                            },
                            "staging": {},
                            "compute": {
                                "coreCount": 8,
                                "computeType": "General"
                            }
                        }
                    }
                ],
                "parameters": {
                    "ServerNames": {
                        "type": "string",
                        "defaultValue": "covid9.database.windows.net"
                    }
                },
                "folder": {
                    "name": "Ram Pipelines"
                },
                "annotations": []
            },
            "dependsOn": [
                "[concat(variables('factoryId'), '/dataflows/dataflow1')]"
            ]
        }
    ]
}