{
    "$schema": "http://schema.management.azure.com/schemas/2015-01-01/deploymentTemplate.json#",
    "contentVersion": "1.0.0.0",
    "parameters": {
        "factoryName": {
            "type": "string",
            "metadata": "Data Factory name",
            "defaultValue": "ramadf9"
        },
        "ADFFunction_functionKey": {
            "type": "secureString",
            "metadata": "Secure string for 'functionKey' of 'ADFFunction'"
        },
        "Azure ADLS Storage_accountKey": {
            "type": "secureString",
            "metadata": "Secure string for 'accountKey' of 'Azure ADLS Storage'"
        },
        "BlobStorageLinkedService_connectionString": {
            "type": "secureString",
            "metadata": "Secure string for 'connectionString' of 'BlobStorageLinkedService'"
        },
        "CovidSequel_connectionString": {
            "type": "secureString",
            "metadata": "Secure string for 'connectionString' of 'CovidSequel'"
        },
        "MailFunction_functionKey": {
            "type": "secureString",
            "metadata": "Secure string for 'functionKey' of 'MailFunction'"
        },
        "NeudesicOnPremisesCovid_password": {
            "type": "secureString",
            "metadata": "Secure string for 'password' of 'NeudesicOnPremisesCovid'"
        },
        "NudesicOnpremises_password": {
            "type": "secureString",
            "metadata": "Secure string for 'password' of 'NudesicOnpremises'"
        },
        "OnPremises File_password": {
            "type": "secureString",
            "metadata": "Secure string for 'password' of 'OnPremises File'"
        },
        "ParameterizedLinkedService_connectionString": {
            "type": "secureString",
            "metadata": "Secure string for 'connectionString' of 'ParameterizedLinkedService'"
        },
        "ProductsLinkedService_connectionString": {
            "type": "secureString",
            "metadata": "Secure string for 'connectionString' of 'ProductsLinkedService'"
        },
        "Azure ADLS Storage_properties_typeProperties_url": {
            "type": "string",
            "defaultValue": "https://ramadls.dfs.core.windows.net"
        },
        "NeudesicOnPremisesCovid_properties_typeProperties_host": {
            "type": "string",
            "defaultValue": "C:\\Users\\siva.kunapuli\\Documents\\Deloitte\\COVID-19-master\\csse_covid_19_data\\csse_covid_19_daily_reports"
        },
        "NeudesicOnPremisesCovid_properties_typeProperties_userId": {
            "type": "string",
            "defaultValue": "CORP\\Siva.Kunapuli"
        },
        "NudesicOnpremises_properties_typeProperties_host": {
            "type": "string",
            "defaultValue": "\\\\SKUNAPULI01\\Users\\siva.kunapuli\\Documents\\Deloitte\\COVID-19-master\\csse_covid_19_data\\csse_covid_19_daily_reports\\"
        },
        "NudesicOnpremises_properties_typeProperties_userId": {
            "type": "string",
            "defaultValue": "CORP\\Siva.Kunapuli"
        },
        "OnPremises File_properties_typeProperties_host": {
            "type": "string",
            "defaultValue": "\\\\SKUNAPULI01\\Users\\siva.kunapuli\\Documents\\Deloitte\\COVID-19-master\\csse_covid_19_data\\csse_covid_19_daily_reports"
        },
        "OnPremises File_properties_typeProperties_userId": {
            "type": "string",
            "defaultValue": "CORP\\Siva.Kunapuli"
        },
        "containerUri": {
            "type": "string",
            "metadata": "URI to storage account containing linked ARM templates"
        },
        "containerSasToken": {
            "type": "string",
            "metadata": "Sas token to storage account containing linked ARM templates"
        }
    },
    "variables": {
        "factoryId": "[concat('Microsoft.DataFactory/factories/', parameters('factoryName'))]"
    },
    "resources": [
        {
            "name": "ArmTemplate_0",
            "type": "Microsoft.Resources/deployments",
            "apiVersion": "2018-02-01",
            "properties": {
                "mode": "incremental",
                "templateLink": {
                    "uri": "[concat(parameters('containerUri'), '/ArmTemplate_0.json', parameters('containerSasToken'))]",
                    "contentVersion": "1.0.0.0"
                },
                "parameters": {
                    "factoryName": {
                        "value": "[parameters('factoryName')]"
                    },
                    "ADFFunction_functionKey": {
                        "value": "[parameters('ADFFunction_functionKey')]"
                    },
                    "Azure ADLS Storage_accountKey": {
                        "value": "[parameters('Azure ADLS Storage_accountKey')]"
                    },
                    "BlobStorageLinkedService_connectionString": {
                        "value": "[parameters('BlobStorageLinkedService_connectionString')]"
                    },
                    "CovidSequel_connectionString": {
                        "value": "[parameters('CovidSequel_connectionString')]"
                    },
                    "MailFunction_functionKey": {
                        "value": "[parameters('MailFunction_functionKey')]"
                    },
                    "ParameterizedLinkedService_connectionString": {
                        "value": "[parameters('ParameterizedLinkedService_connectionString')]"
                    },
                    "ProductsLinkedService_connectionString": {
                        "value": "[parameters('ProductsLinkedService_connectionString')]"
                    },
                    "NeudesicOnPremisesCovid_password": {
                        "value": "[parameters('NeudesicOnPremisesCovid_password')]"
                    },
                    "NudesicOnpremises_password": {
                        "value": "[parameters('NudesicOnpremises_password')]"
                    },
                    "OnPremises File_password": {
                        "value": "[parameters('OnPremises File_password')]"
                    },
                    "Azure ADLS Storage_properties_typeProperties_url": {
                        "value": "[parameters('Azure ADLS Storage_properties_typeProperties_url')]"
                    },
                    "NeudesicOnPremisesCovid_properties_typeProperties_host": {
                        "value": "[parameters('NeudesicOnPremisesCovid_properties_typeProperties_host')]"
                    },
                    "NeudesicOnPremisesCovid_properties_typeProperties_userId": {
                        "value": "[parameters('NeudesicOnPremisesCovid_properties_typeProperties_userId')]"
                    },
                    "NudesicOnpremises_properties_typeProperties_host": {
                        "value": "[parameters('NudesicOnpremises_properties_typeProperties_host')]"
                    },
                    "NudesicOnpremises_properties_typeProperties_userId": {
                        "value": "[parameters('NudesicOnpremises_properties_typeProperties_userId')]"
                    },
                    "OnPremises File_properties_typeProperties_host": {
                        "value": "[parameters('OnPremises File_properties_typeProperties_host')]"
                    },
                    "OnPremises File_properties_typeProperties_userId": {
                        "value": "[parameters('OnPremises File_properties_typeProperties_userId')]"
                    }
                }
            },
            "dependsOn": []
        },
        {
            "name": "ArmTemplate_1",
            "type": "Microsoft.Resources/deployments",
            "apiVersion": "2018-02-01",
            "properties": {
                "mode": "incremental",
                "templateLink": {
                    "uri": "[concat(parameters('containerUri'), '/ArmTemplate_1.json', parameters('containerSasToken'))]",
                    "contentVersion": "1.0.0.0"
                },
                "parameters": {
                    "factoryName": {
                        "value": "[parameters('factoryName')]"
                    }
                }
            },
            "dependsOn": [
                "[resourceId('Microsoft.Resources/deployments', 'ArmTemplate_0')]"
            ]
        }
    ]
}