{
    "$schema": "https://schema.management.azure.com/schemas/2015-01-01/deploymentParameters.json#",
    "contentVersion": "1.0.0.0",
    "parameters": {
        "factoryName": {
            "value": "ramadf9"
        },
        "ADFFunction_functionKey": {
            "value": ""
        },
        "Azure ADLS Storage_accountKey": {
            "value": ""
        },
        "BlobStorageLinkedService_connectionString": {
            "value": ""
        },
        "CovidSequel_connectionString": {
            "value": ""
        },
        "MailFunction_functionKey": {
            "value": ""
        },
        "NeudesicOnPremisesCovid_password": {
            "value": ""
        },
        "NudesicOnpremises_password": {
            "value": ""
        },
        "OnPremises File_password": {
            "value": ""
        },
        "ParameterizedLinkedService_connectionString": {
            "value": ""
        },
        "ProductsLinkedService_connectionString": {
            "value": ""
        },
        "Azure ADLS Storage_properties_typeProperties_url": {
            "value": "https://ramadls.dfs.core.windows.net"
        },
        "NeudesicOnPremisesCovid_properties_typeProperties_host": {
            "value": "C:\\Users\\siva.kunapuli\\Documents\\Deloitte\\COVID-19-master\\csse_covid_19_data\\csse_covid_19_daily_reports"
        },
        "NeudesicOnPremisesCovid_properties_typeProperties_userId": {
            "value": "CORP\\Siva.Kunapuli"
        },
        "NudesicOnpremises_properties_typeProperties_host": {
            "value": "\\\\SKUNAPULI01\\Users\\siva.kunapuli\\Documents\\Deloitte\\COVID-19-master\\csse_covid_19_data\\csse_covid_19_daily_reports\\"
        },
        "NudesicOnpremises_properties_typeProperties_userId": {
            "value": "CORP\\Siva.Kunapuli"
        },
        "OnPremises File_properties_typeProperties_host": {
            "value": "\\\\SKUNAPULI01\\Users\\siva.kunapuli\\Documents\\Deloitte\\COVID-19-master\\csse_covid_19_data\\csse_covid_19_daily_reports"
        },
        "OnPremises File_properties_typeProperties_userId": {
            "value": "CORP\\Siva.Kunapuli"
        },
        "containerUri": {
            "value": ""
        },
        "containerSasToken": {
            "value": ""
        }
    }
}