{
    "$schema": "http://schema.management.azure.com/schemas/2015-01-01/deploymentTemplate.json#",
    "contentVersion": "1.0.0.0",
    "parameters": {
        "factoryName": {
            "type": "string",
            "metadata": "Data Factory name",
            "defaultValue": "ramadf9"
        },
        "ADFFunction_functionKey": {
            "type": "secureString",
            "metadata": "Secure string for 'functionKey' of 'ADFFunction'"
        },
        "Azure ADLS Storage_accountKey": {
            "type": "secureString",
            "metadata": "Secure string for 'accountKey' of 'Azure ADLS Storage'"
        },
        "BlobStorageLinkedService_connectionString": {
            "type": "secureString",
            "metadata": "Secure string for 'connectionString' of 'BlobStorageLinkedService'"
        },
        "CovidSequel_connectionString": {
            "type": "secureString",
            "metadata": "Secure string for 'connectionString' of 'CovidSequel'"
        },
        "MailFunction_functionKey": {
            "type": "secureString",
            "metadata": "Secure string for 'functionKey' of 'MailFunction'"
        },
        "NeudesicOnPremisesCovid_password": {
            "type": "secureString",
            "metadata": "Secure string for 'password' of 'NeudesicOnPremisesCovid'"
        },
        "NudesicOnpremises_password": {
            "type": "secureString",
            "metadata": "Secure string for 'password' of 'NudesicOnpremises'"
        },
        "OnPremises File_password": {
            "type": "secureString",
            "metadata": "Secure string for 'password' of 'OnPremises File'"
        },
        "ParameterizedLinkedService_connectionString": {
            "type": "secureString",
            "metadata": "Secure string for 'connectionString' of 'ParameterizedLinkedService'"
        },
        "ProductsLinkedService_connectionString": {
            "type": "secureString",
            "metadata": "Secure string for 'connectionString' of 'ProductsLinkedService'"
        },
        "Azure ADLS Storage_properties_typeProperties_url": {
            "type": "string",
            "defaultValue": "https://ramadls.dfs.core.windows.net"
        },
        "NeudesicOnPremisesCovid_properties_typeProperties_host": {
            "type": "string",
            "defaultValue": "C:\\Users\\siva.kunapuli\\Documents\\Deloitte\\COVID-19-master\\csse_covid_19_data\\csse_covid_19_daily_reports"
        },
        "NeudesicOnPremisesCovid_properties_typeProperties_userId": {
            "type": "string",
            "defaultValue": "CORP\\Siva.Kunapuli"
        },
        "NudesicOnpremises_properties_typeProperties_host": {
            "type": "string",
            "defaultValue": "\\\\SKUNAPULI01\\Users\\siva.kunapuli\\Documents\\Deloitte\\COVID-19-master\\csse_covid_19_data\\csse_covid_19_daily_reports\\"
        },
        "NudesicOnpremises_properties_typeProperties_userId": {
            "type": "string",
            "defaultValue": "CORP\\Siva.Kunapuli"
        },
        "OnPremises File_properties_typeProperties_host": {
            "type": "string",
            "defaultValue": "\\\\SKUNAPULI01\\Users\\siva.kunapuli\\Documents\\Deloitte\\COVID-19-master\\csse_covid_19_data\\csse_covid_19_daily_reports"
        },
        "OnPremises File_properties_typeProperties_userId": {
            "type": "string",
            "defaultValue": "CORP\\Siva.Kunapuli"
        }
    },
    "variables": {
        "factoryId": "[concat('Microsoft.DataFactory/factories/', parameters('factoryName'))]"
    },
    "resources": [
        {
            "name": "[concat(parameters('factoryName'), '/Invoke Web Request')]",
            "type": "Microsoft.DataFactory/factories/pipelines",
            "apiVersion": "2018-06-01",
            "properties": {
                "activities": [
                    {
                        "name": "InvokeAPI",
                        "type": "WebHook",
                        "dependsOn": [],
                        "userProperties": [],
                        "typeProperties": {
                            "url": "https://prod-02.centralus.logic.azure.com:443/workflows/d73e15dae3644b48924c95aaf920e96b/triggers/manual/paths/invoke?api-version=2016-10-01&sp=%2Ftriggers%2Fmanual%2Frun&sv=1.0&sig=B4RZhAYNJTJy_7mr-x4MQTaIXiOj0u5dEn1z05do56k",
                            "method": "POST",
                            "headers": {},
                            "body": {
                                "name": "Karthik",
                                "salary": "786",
                                "age": "39",
                                "CallBackUri": "http://dummy.restapiexample.com/api/v1/create"
                            },
                            "timeout": "00:10:00"
                        }
                    }
                ],
                "folder": {
                    "name": "Ram Pipelines"
                },
                "annotations": []
            },
            "dependsOn": []
        },
        {
            "name": "[concat(parameters('factoryName'), '/LookUp Activity')]",
            "type": "Microsoft.DataFactory/factories/pipelines",
            "apiVersion": "2018-06-01",
            "properties": {
                "activities": [
                    {
                        "name": "OnPrem File",
                        "type": "Lookup",
                        "dependsOn": [],
                        "policy": {
                            "timeout": "7.00:00:00",
                            "retry": 0,
                            "retryIntervalInSeconds": 30,
                            "secureOutput": false,
                            "secureInput": false
                        },
                        "userProperties": [],
                        "typeProperties": {
                            "source": {
                                "type": "DelimitedTextSource",
                                "storeSettings": {
                                    "type": "FileServerReadSettings",
                                    "recursive": true
                                },
                                "formatSettings": {
                                    "type": "DelimitedTextReadSettings"
                                }
                            },
                            "dataset": {
                                "referenceName": "OnPremFile",
                                "type": "DatasetReference",
                                "parameters": {}
                            },
                            "firstRowOnly": false
                        }
                    }
                ],
                "folder": {
                    "name": "Ram Pipelines"
                },
                "annotations": []
            },
            "dependsOn": [
                "[concat(variables('factoryId'), '/datasets/OnPremFile')]"
            ]
        },
        {
            "name": "[concat(parameters('factoryName'), '/OnPremises To ADLS')]",
            "type": "Microsoft.DataFactory/factories/pipelines",
            "apiVersion": "2018-06-01",
            "properties": {
                "activities": [
                    {
                        "name": "OnPremises Metadata",
                        "type": "GetMetadata",
                        "dependsOn": [],
                        "policy": {
                            "timeout": "7.00:00:00",
                            "retry": 0,
                            "retryIntervalInSeconds": 30,
                            "secureOutput": false,
                            "secureInput": false
                        },
                        "userProperties": [],
                        "typeProperties": {
                            "dataset": {
                                "referenceName": "OnPremisesADLS",
                                "type": "DatasetReference",
                                "parameters": {}
                            },
                            "fieldList": [
                                "childItems"
                            ],
                            "storeSettings": {
                                "type": "FileServerReadSettings",
                                "recursive": true
                            },
                            "formatSettings": {
                                "type": "DelimitedTextReadSettings"
                            }
                        }
                    },
                    {
                        "name": "For Each Covid",
                        "type": "ForEach",
                        "dependsOn": [
                            {
                                "activity": "OnPremises Metadata",
                                "dependencyConditions": [
                                    "Succeeded"
                                ]
                            }
                        ],
                        "userProperties": [],
                        "typeProperties": {
                            "items": {
                                "value": "@activity('OnPremises Metadata').output.value",
                                "type": "Expression"
                            },
                            "isSequential": true,
                            "activities": [
                                {
                                    "name": "Copy to ADLS",
                                    "type": "Copy",
                                    "dependsOn": [],
                                    "policy": {
                                        "timeout": "7.00:00:00",
                                        "retry": 0,
                                        "retryIntervalInSeconds": 30,
                                        "secureOutput": false,
                                        "secureInput": false
                                    },
                                    "userProperties": [],
                                    "typeProperties": {
                                        "source": {
                                            "type": "DelimitedTextSource",
                                            "storeSettings": {
                                                "type": "FileServerReadSettings",
                                                "recursive": true,
                                                "wildcardFileName": {
                                                    "value": "@{item().name}",
                                                    "type": "Expression"
                                                },
                                                "enablePartitionDiscovery": false
                                            },
                                            "formatSettings": {
                                                "type": "DelimitedTextReadSettings"
                                            }
                                        },
                                        "sink": {
                                            "type": "DelimitedTextSink",
                                            "storeSettings": {
                                                "type": "AzureBlobFSWriteSettings"
                                            },
                                            "formatSettings": {
                                                "type": "DelimitedTextWriteSettings",
                                                "quoteAllText": true,
                                                "fileExtension": ".txt"
                                            }
                                        },
                                        "enableStaging": false
                                    },
                                    "inputs": [
                                        {
                                            "referenceName": "CovidFiles",
                                            "type": "DatasetReference",
                                            "parameters": {}
                                        }
                                    ],
                                    "outputs": [
                                        {
                                            "referenceName": "ADLSCopy",
                                            "type": "DatasetReference",
                                            "parameters": {}
                                        }
                                    ]
                                }
                            ]
                        }
                    }
                ],
                "folder": {
                    "name": "Ram Pipelines"
                },
                "annotations": []
            },
            "dependsOn": [
                "[concat(variables('factoryId'), '/datasets/OnPremisesADLS')]",
                "[concat(variables('factoryId'), '/datasets/CovidFiles')]",
                "[concat(variables('factoryId'), '/datasets/ADLSCopy')]"
            ]
        },
        {
            "name": "[concat(parameters('factoryName'), '/OnPremises to Sequel')]",
            "type": "Microsoft.DataFactory/factories/pipelines",
            "apiVersion": "2018-06-01",
            "properties": {
                "activities": [
                    {
                        "name": "OnPremises Covid FIles",
                        "type": "Copy",
                        "dependsOn": [],
                        "policy": {
                            "timeout": "7.00:00:00",
                            "retry": 0,
                            "retryIntervalInSeconds": 30,
                            "secureOutput": false,
                            "secureInput": false
                        },
                        "userProperties": [],
                        "typeProperties": {
                            "source": {
                                "type": "DelimitedTextSource",
                                "storeSettings": {
                                    "type": "FileServerReadSettings",
                                    "recursive": true,
                                    "wildcardFileName": "*"
                                },
                                "formatSettings": {
                                    "type": "DelimitedTextReadSettings"
                                }
                            },
                            "sink": {
                                "type": "AzureSqlSink"
                            },
                            "enableStaging": false,
                            "enableSkipIncompatibleRow": true,
                            "translator": {
                                "type": "TabularTranslator",
                                "mappings": [
                                    {
                                        "source": {
                                            "name": "FIPS",
                                            "type": "String"
                                        },
                                        "sink": {
                                            "name": "FIPS",
                                            "type": "Int32"
                                        }
                                    },
                                    {
                                        "source": {
                                            "name": "Admin2",
                                            "type": "String"
                                        },
                                        "sink": {
                                            "name": "Admin2",
                                            "type": "String"
                                        }
                                    },
                                    {
                                        "source": {
                                            "name": "Province_State",
                                            "type": "String"
                                        },
                                        "sink": {
                                            "name": "Province_State",
                                            "type": "String"
                                        }
                                    },
                                    {
                                        "source": {
                                            "name": "Country_Region",
                                            "type": "String"
                                        },
                                        "sink": {
                                            "name": "Country_Region",
                                            "type": "String"
                                        }
                                    },
                                    {
                                        "source": {
                                            "name": "Last_Update",
                                            "type": "String"
                                        },
                                        "sink": {
                                            "name": "Last_Update",
                                            "type": "DateTime"
                                        }
                                    },
                                    {
                                        "source": {
                                            "name": "Lat",
                                            "type": "String"
                                        },
                                        "sink": {
                                            "name": "Latitude",
                                            "type": "Decimal"
                                        }
                                    },
                                    {
                                        "source": {
                                            "name": "Long_",
                                            "type": "String"
                                        },
                                        "sink": {
                                            "name": "Longitude",
                                            "type": "Decimal"
                                        }
                                    },
                                    {
                                        "source": {
                                            "name": "Confirmed",
                                            "type": "String"
                                        },
                                        "sink": {
                                            "name": "ConfirmedPeople",
                                            "type": "Int32"
                                        }
                                    },
                                    {
                                        "source": {
                                            "name": "Deaths",
                                            "type": "String"
                                        },
                                        "sink": {
                                            "name": "Deaths",
                                            "type": "Int32"
                                        }
                                    },
                                    {
                                        "source": {
                                            "name": "Recovered",
                                            "type": "String"
                                        },
                                        "sink": {
                                            "name": "Recovered",
                                            "type": "Int32"
                                        }
                                    },
                                    {
                                        "source": {
                                            "name": "Active",
                                            "type": "String"
                                        },
                                        "sink": {
                                            "name": "Active",
                                            "type": "Int32"
                                        }
                                    },
                                    {
                                        "source": {
                                            "name": "Combined_Key",
                                            "type": "String"
                                        },
                                        "sink": {
                                            "name": "Combined_Key",
                                            "type": "String"
                                        }
                                    }
                                ]
                            }
                        },
                        "inputs": [
                            {
                                "referenceName": "CovidFiles",
                                "type": "DatasetReference",
                                "parameters": {}
                            }
                        ],
                        "outputs": [
                            {
                                "referenceName": "AzureSequel",
                                "type": "DatasetReference",
                                "parameters": {}
                            }
                        ]
                    },
                    {
                        "name": "Send Mail",
                        "type": "AzureFunctionActivity",
                        "dependsOn": [
                            {
                                "activity": "OnPremises Covid FIles",
                                "dependencyConditions": [
                                    "Succeeded"
                                ]
                            }
                        ],
                        "policy": {
                            "timeout": "7.00:00:00",
                            "retry": 0,
                            "retryIntervalInSeconds": 30,
                            "secureOutput": false,
                            "secureInput": false
                        },
                        "userProperties": [],
                        "typeProperties": {
                            "functionName": "ADFOutput",
                            "method": "POST",
                            "headers": {},
                            "body": {
                                "name": "Azure"
                            }
                        },
                        "linkedServiceName": {
                            "referenceName": "MailFunction",
                            "type": "LinkedServiceReference"
                        }
                    }
                ],
                "folder": {
                    "name": "Ram Pipelines"
                },
                "annotations": []
            },
            "dependsOn": [
                "[concat(variables('factoryId'), '/datasets/CovidFiles')]",
                "[concat(variables('factoryId'), '/datasets/AzureSequel')]",
                "[concat(variables('factoryId'), '/linkedServices/MailFunction')]"
            ]
        },
        {
            "name": "[concat(parameters('factoryName'), '/Parameterized Pipeline')]",
            "type": "Microsoft.DataFactory/factories/pipelines",
            "apiVersion": "2018-06-01",
            "properties": {
                "activities": [
                    {
                        "name": "Sequel Pull",
                        "type": "Lookup",
                        "dependsOn": [],
                        "policy": {
                            "timeout": "7.00:00:00",
                            "retry": 0,
                            "retryIntervalInSeconds": 30,
                            "secureOutput": false,
                            "secureInput": false
                        },
                        "userProperties": [],
                        "typeProperties": {
                            "source": {
                                "type": "AzureSqlSource",
                                "sqlReaderQuery": "Select * From Products",
                                "queryTimeout": "02:00:00"
                            },
                            "dataset": {
                                "referenceName": "ParametererizedDataSet",
                                "type": "DatasetReference",
                                "parameters": {
                                    "DataSetParam": {
                                        "value": "@pipeline().parameters.ServerNames",
                                        "type": "Expression"
                                    }
                                }
                            },
                            "firstRowOnly": false
                        }
                    },
                    {
                        "name": "Perform DataFlow Mappings",
                        "type": "ExecuteDataFlow",
                        "dependsOn": [],
                        "policy": {
                            "timeout": "7.00:00:00",
                            "retry": 0,
                            "retryIntervalInSeconds": 30,
                            "secureOutput": false,
                            "secureInput": false
                        },
                        "userProperties": [],
                        "typeProperties": {
                            "dataflow": {
                                "referenceName": "dataflow1",
                                "type": "DataFlowReference",
                                "parameters": {},
                                "datasetParameters": {
                                    "PullFromSequel": {},
                                    "ProductItemSource": {},
                                    "SendToADLS": {}
                                }
                            },
                            "staging": {},
                            "compute": {
                                "coreCount": 8,
                                "computeType": "General"
                            }
                        }
                    }
                ],
                "parameters": {
                    "ServerNames": {
                        "type": "string",
                        "defaultValue": "covid9.database.windows.net"
                    }
                },
                "folder": {
                    "name": "Ram Pipelines"
                },
                "annotations": []
            },
            "dependsOn": [
                "[concat(variables('factoryId'), '/datasets/ParametererizedDataSet')]",
                "[concat(variables('factoryId'), '/dataflows/dataflow1')]"
            ]
        },
        {
            "name": "[concat(parameters('factoryName'), '/ADLSCopy')]",
            "type": "Microsoft.DataFactory/factories/datasets",
            "apiVersion": "2018-06-01",
            "properties": {
                "linkedServiceName": {
                    "referenceName": "Azure ADLS Storage",
                    "type": "LinkedServiceReference"
                },
                "folder": {
                    "name": "Ram DataSets"
                },
                "annotations": [],
                "type": "DelimitedText",
                "typeProperties": {
                    "location": {
                        "type": "AzureBlobFSLocation",
                        "fileSystem": "newblobcontainer"
                    },
                    "columnDelimiter": ",",
                    "escapeChar": "\\",
                    "firstRowAsHeader": true,
                    "quoteChar": "\""
                },
                "schema": []
            },
            "dependsOn": [
                "[concat(variables('factoryId'), '/linkedServices/Azure ADLS Storage')]"
            ]
        },
        {
            "name": "[concat(parameters('factoryName'), '/AzureSequel')]",
            "type": "Microsoft.DataFactory/factories/datasets",
            "apiVersion": "2018-06-01",
            "properties": {
                "linkedServiceName": {
                    "referenceName": "CovidSequel",
                    "type": "LinkedServiceReference"
                },
                "folder": {
                    "name": "Ram DataSets"
                },
                "annotations": [],
                "type": "AzureSqlTable",
                "schema": [
                    {
                        "name": "Id",
                        "type": "int",
                        "precision": 10
                    },
                    {
                        "name": "FIPS",
                        "type": "int",
                        "precision": 10
                    },
                    {
                        "name": "Admin2",
                        "type": "varchar"
                    },
                    {
                        "name": "Province_State",
                        "type": "varchar"
                    },
                    {
                        "name": "Country_Region",
                        "type": "varchar"
                    },
                    {
                        "name": "Last_Update",
                        "type": "datetime",
                        "precision": 23,
                        "scale": 3
                    },
                    {
                        "name": "Latitude",
                        "type": "decimal",
                        "precision": 18,
                        "scale": 0
                    },
                    {
                        "name": "Longitude",
                        "type": "decimal",
                        "precision": 18,
                        "scale": 0
                    },
                    {
                        "name": "ConfirmedPeople",
                        "type": "int",
                        "precision": 10
                    },
                    {
                        "name": "Deaths",
                        "type": "int",
                        "precision": 10
                    },
                    {
                        "name": "Recovered",
                        "type": "int",
                        "precision": 10
                    },
                    {
                        "name": "Active",
                        "type": "int",
                        "precision": 10
                    },
                    {
                        "name": "Combined_Key",
                        "type": "varchar"
                    }
                ],
                "typeProperties": {
                    "schema": "dbo",
                    "table": "CovidDailyFeed"
                }
            },
            "dependsOn": [
                "[concat(variables('factoryId'), '/linkedServices/CovidSequel')]"
            ]
        },
        {
            "name": "[concat(parameters('factoryName'), '/CovidFiles')]",
            "type": "Microsoft.DataFactory/factories/datasets",
            "apiVersion": "2018-06-01",
            "properties": {
                "linkedServiceName": {
                    "referenceName": "NeudesicOnPremisesCovid",
                    "type": "LinkedServiceReference"
                },
                "folder": {
                    "name": "Ram DataSets"
                },
                "annotations": [],
                "type": "DelimitedText",
                "typeProperties": {
                    "location": {
                        "type": "FileServerLocation"
                    },
                    "columnDelimiter": ",",
                    "escapeChar": "\\",
                    "firstRowAsHeader": true,
                    "quoteChar": "\""
                },
                "schema": [
                    {
                        "name": "Province/State",
                        "type": "String"
                    },
                    {
                        "name": "Country/Region",
                        "type": "String"
                    },
                    {
                        "name": "Last Update",
                        "type": "String"
                    },
                    {
                        "name": "Confirmed",
                        "type": "String"
                    },
                    {
                        "name": "Deaths",
                        "type": "String"
                    },
                    {
                        "name": "Recovered",
                        "type": "String"
                    }
                ]
            },
            "dependsOn": [
                "[concat(variables('factoryId'), '/linkedServices/NeudesicOnPremisesCovid')]"
            ]
        },
        {
            "name": "[concat(parameters('factoryName'), '/DataFlowSequel')]",
            "type": "Microsoft.DataFactory/factories/datasets",
            "apiVersion": "2018-06-01",
            "properties": {
                "linkedServiceName": {
                    "referenceName": "ProductsLinkedService",
                    "type": "LinkedServiceReference"
                },
                "annotations": [],
                "type": "AzureSqlTable",
                "schema": [
                    {
                        "name": "Id",
                        "type": "int",
                        "precision": 10
                    },
                    {
                        "name": "Name",
                        "type": "nvarchar"
                    },
                    {
                        "name": "Type",
                        "type": "nvarchar"
                    },
                    {
                        "name": "Price",
                        "type": "float",
                        "precision": 15
                    }
                ],
                "typeProperties": {
                    "schema": "dbo",
                    "table": "Products"
                }
            },
            "dependsOn": [
                "[concat(variables('factoryId'), '/linkedServices/ProductsLinkedService')]"
            ]
        },
        {
            "name": "[concat(parameters('factoryName'), '/OnPremFile')]",
            "type": "Microsoft.DataFactory/factories/datasets",
            "apiVersion": "2018-06-01",
            "properties": {
                "linkedServiceName": {
                    "referenceName": "OnPremises File",
                    "type": "LinkedServiceReference"
                },
                "folder": {
                    "name": "Ram DataSets"
                },
                "annotations": [],
                "type": "DelimitedText",
                "typeProperties": {
                    "location": {
                        "type": "FileServerLocation",
                        "fileName": "03-30-2020.csv"
                    },
                    "columnDelimiter": ",",
                    "escapeChar": "\\",
                    "firstRowAsHeader": true,
                    "quoteChar": "\""
                },
                "schema": []
            },
            "dependsOn": [
                "[concat(variables('factoryId'), '/linkedServices/OnPremises File')]"
            ]
        },
        {
            "name": "[concat(parameters('factoryName'), '/OnPremisesADLS')]",
            "type": "Microsoft.DataFactory/factories/datasets",
            "apiVersion": "2018-06-01",
            "properties": {
                "linkedServiceName": {
                    "referenceName": "NeudesicOnPremisesCovid",
                    "type": "LinkedServiceReference"
                },
                "folder": {
                    "name": "Ram DataSets"
                },
                "annotations": [],
                "type": "DelimitedText",
                "typeProperties": {
                    "location": {
                        "type": "FileServerLocation"
                    },
                    "columnDelimiter": ",",
                    "escapeChar": "\\",
                    "firstRowAsHeader": true,
                    "quoteChar": "\""
                },
                "schema": []
            },
            "dependsOn": [
                "[concat(variables('factoryId'), '/linkedServices/NeudesicOnPremisesCovid')]"
            ]
        },
        {
            "name": "[concat(parameters('factoryName'), '/ParametererizedDataSet')]",
            "type": "Microsoft.DataFactory/factories/datasets",
            "apiVersion": "2018-06-01",
            "properties": {
                "linkedServiceName": {
                    "referenceName": "ParameterizedLinkedService",
                    "type": "LinkedServiceReference",
                    "parameters": {
                        "ServerNameParameter": {
                            "value": "@dataset().DataSetParam",
                            "type": "Expression"
                        }
                    }
                },
                "parameters": {
                    "DataSetParam": {
                        "type": "String"
                    }
                },
                "folder": {
                    "name": "Ram DataSets"
                },
                "annotations": [],
                "type": "AzureSqlTable",
                "schema": [],
                "typeProperties": {}
            },
            "dependsOn": [
                "[concat(variables('factoryId'), '/linkedServices/ParameterizedLinkedService')]"
            ]
        },
        {
            "name": "[concat(parameters('factoryName'), '/ProductItem')]",
            "type": "Microsoft.DataFactory/factories/datasets",
            "apiVersion": "2018-06-01",
            "properties": {
                "linkedServiceName": {
                    "referenceName": "ProductsLinkedService",
                    "type": "LinkedServiceReference"
                },
                "annotations": [],
                "type": "AzureSqlTable",
                "schema": [
                    {
                        "name": "Id",
                        "type": "int",
                        "precision": 10
                    },
                    {
                        "name": "ProductItem",
                        "type": "nvarchar"
                    },
                    {
                        "name": "ProductId",
                        "type": "int",
                        "precision": 10
                    }
                ],
                "typeProperties": {
                    "schema": "dbo",
                    "table": "ProductItem"
                }
            },
            "dependsOn": [
                "[concat(variables('factoryId'), '/linkedServices/ProductsLinkedService')]"
            ]
        },
        {
            "name": "[concat(parameters('factoryName'), '/SelectToADLS')]",
            "type": "Microsoft.DataFactory/factories/datasets",
            "apiVersion": "2018-06-01",
            "properties": {
                "linkedServiceName": {
                    "referenceName": "Azure ADLS Storage",
                    "type": "LinkedServiceReference"
                },
                "annotations": [],
                "type": "DelimitedText",
                "typeProperties": {
                    "location": {
                        "type": "AzureBlobFSLocation",
                        "fileSystem": "newblobcontainer"
                    },
                    "columnDelimiter": ",",
                    "escapeChar": "\\",
                    "quoteChar": "\""
                },
                "schema": []
            },
            "dependsOn": [
                "[concat(variables('factoryId'), '/linkedServices/Azure ADLS Storage')]"
            ]
        },
        {
            "name": "[concat(parameters('factoryName'), '/ADFFunction')]",
            "type": "Microsoft.DataFactory/factories/linkedServices",
            "apiVersion": "2018-06-01",
            "properties": {
                "annotations": [],
                "type": "AzureFunction",
                "typeProperties": {
                    "functionAppUrl": "https://adflogs.azurewebsites.net",
                    "functionKey": {
                        "type": "SecureString",
                        "value": "[parameters('ADFFunction_functionKey')]"
                    }
                }
            },
            "dependsOn": []
        },
        {
            "name": "[concat(parameters('factoryName'), '/Azure ADLS Storage')]",
            "type": "Microsoft.DataFactory/factories/linkedServices",
            "apiVersion": "2018-06-01",
            "properties": {
                "annotations": [],
                "type": "AzureBlobFS",
                "typeProperties": {
                    "url": "[parameters('Azure ADLS Storage_properties_typeProperties_url')]",
                    "accountKey": {
                        "type": "SecureString",
                        "value": "[parameters('Azure ADLS Storage_accountKey')]"
                    }
                }
            },
            "dependsOn": []
        },
        {
            "name": "[concat(parameters('factoryName'), '/BlobStorageLinkedService')]",
            "type": "Microsoft.DataFactory/factories/linkedServices",
            "apiVersion": "2018-06-01",
            "properties": {
                "annotations": [],
                "type": "AzureBlobStorage",
                "typeProperties": {
                    "connectionString": "[parameters('BlobStorageLinkedService_connectionString')]"
                }
            },
            "dependsOn": []
        },
        {
            "name": "[concat(parameters('factoryName'), '/CovidSequel')]",
            "type": "Microsoft.DataFactory/factories/linkedServices",
            "apiVersion": "2018-06-01",
            "properties": {
                "annotations": [],
                "type": "AzureSqlDatabase",
                "typeProperties": {
                    "connectionString": "[parameters('CovidSequel_connectionString')]"
                }
            },
            "dependsOn": []
        },
        {
            "name": "[concat(parameters('factoryName'), '/MailFunction')]",
            "type": "Microsoft.DataFactory/factories/linkedServices",
            "apiVersion": "2018-06-01",
            "properties": {
                "annotations": [],
                "type": "AzureFunction",
                "typeProperties": {
                    "functionAppUrl": "https://adflogs.azurewebsites.net",
                    "functionKey": {
                        "type": "SecureString",
                        "value": "[parameters('MailFunction_functionKey')]"
                    }
                }
            },
            "dependsOn": []
        },
        {
            "name": "[concat(parameters('factoryName'), '/NeudesicOnPremisesCovid')]",
            "type": "Microsoft.DataFactory/factories/linkedServices",
            "apiVersion": "2018-06-01",
            "properties": {
                "annotations": [],
                "type": "FileServer",
                "typeProperties": {
                    "host": "[parameters('NeudesicOnPremisesCovid_properties_typeProperties_host')]",
                    "userId": "[parameters('NeudesicOnPremisesCovid_properties_typeProperties_userId')]",
                    "password": {
                        "type": "SecureString",
                        "value": "[parameters('NeudesicOnPremisesCovid_password')]"
                    }
                },
                "connectVia": {
                    "referenceName": "NeudesicSelfHostedIR",
                    "type": "IntegrationRuntimeReference"
                }
            },
            "dependsOn": [
                "[concat(variables('factoryId'), '/integrationRuntimes/NeudesicSelfHostedIR')]"
            ]
        },
        {
            "name": "[concat(parameters('factoryName'), '/NudesicOnpremises')]",
            "type": "Microsoft.DataFactory/factories/linkedServices",
            "apiVersion": "2018-06-01",
            "properties": {
                "annotations": [],
                "type": "FileServer",
                "typeProperties": {
                    "host": "[parameters('NudesicOnpremises_properties_typeProperties_host')]",
                    "userId": "[parameters('NudesicOnpremises_properties_typeProperties_userId')]",
                    "password": {
                        "type": "SecureString",
                        "value": "[parameters('NudesicOnpremises_password')]"
                    }
                },
                "connectVia": {
                    "referenceName": "NeudesicSelfHostedIR",
                    "type": "IntegrationRuntimeReference"
                }
            },
            "dependsOn": [
                "[concat(variables('factoryId'), '/integrationRuntimes/NeudesicSelfHostedIR')]"
            ]
        },
        {
            "name": "[concat(parameters('factoryName'), '/OnPremises File')]",
            "type": "Microsoft.DataFactory/factories/linkedServices",
            "apiVersion": "2018-06-01",
            "properties": {
                "annotations": [],
                "type": "FileServer",
                "typeProperties": {
                    "host": "[parameters('OnPremises File_properties_typeProperties_host')]",
                    "userId": "[parameters('OnPremises File_properties_typeProperties_userId')]",
                    "password": {
                        "type": "SecureString",
                        "value": "[parameters('OnPremises File_password')]"
                    }
                },
                "connectVia": {
                    "referenceName": "NeudesicSelfHostedIR",
                    "type": "IntegrationRuntimeReference"
                }
            },
            "dependsOn": [
                "[concat(variables('factoryId'), '/integrationRuntimes/NeudesicSelfHostedIR')]"
            ]
        },
        {
            "name": "[concat(parameters('factoryName'), '/ParameterizedLinkedService')]",
            "type": "Microsoft.DataFactory/factories/linkedServices",
            "apiVersion": "2018-06-01",
            "properties": {
                "parameters": {
                    "ServerNameParameter": {
                        "type": "String"
                    }
                },
                "annotations": [],
                "type": "AzureSqlDatabase",
                "typeProperties": {
                    "connectionString": "[parameters('ParameterizedLinkedService_connectionString')]"
                }
            },
            "dependsOn": []
        },
        {
            "name": "[concat(parameters('factoryName'), '/ProductsLinkedService')]",
            "type": "Microsoft.DataFactory/factories/linkedServices",
            "apiVersion": "2018-06-01",
            "properties": {
                "annotations": [],
                "type": "AzureSqlDatabase",
                "typeProperties": {
                    "connectionString": "[parameters('ProductsLinkedService_connectionString')]"
                }
            },
            "dependsOn": []
        },
        {
            "name": "[concat(parameters('factoryName'), '/NeudesicSelfHostedIR')]",
            "type": "Microsoft.DataFactory/factories/integrationRuntimes",
            "apiVersion": "2018-06-01",
            "properties": {
                "type": "SelfHosted",
                "typeProperties": {}
            },
            "dependsOn": []
        },
        {
            "name": "[concat(parameters('factoryName'), '/dataflow1')]",
            "type": "Microsoft.DataFactory/factories/dataflows",
            "apiVersion": "2018-06-01",
            "properties": {
                "type": "MappingDataFlow",
                "typeProperties": {
                    "sources": [
                        {
                            "dataset": {
                                "referenceName": "DataFlowSequel",
                                "type": "DatasetReference"
                            },
                            "name": "PullFromSequel"
                        },
                        {
                            "dataset": {
                                "referenceName": "ProductItem",
                                "type": "DatasetReference"
                            },
                            "name": "ProductItemSource"
                        }
                    ],
                    "sinks": [
                        {
                            "dataset": {
                                "referenceName": "SelectToADLS",
                                "type": "DatasetReference"
                            },
                            "name": "SendToADLS"
                        }
                    ],
                    "transformations": [
                        {
                            "name": "LookUpProductItem"
                        },
                        {
                            "name": "SelectColumns"
                        }
                    ],
                    "script": "source(output(\n\t\tId as integer,\n\t\tName as string,\n\t\tType as string,\n\t\tPrice as double\n\t),\n\tallowSchemaDrift: true,\n\tvalidateSchema: false,\n\tisolationLevel: 'READ_UNCOMMITTED',\n\tformat: 'table') ~> PullFromSequel\nsource(output(\n\t\tId as integer,\n\t\tProductItem as string,\n\t\tProductId as integer\n\t),\n\tallowSchemaDrift: true,\n\tvalidateSchema: false,\n\tisolationLevel: 'READ_UNCOMMITTED',\n\tformat: 'table') ~> ProductItemSource\nProductItemSource, PullFromSequel lookup(ProductId == PullFromSequel@Id,\n\tmultiple: false,\n\tpickup: 'any',\n\tbroadcast: 'auto')~> LookUpProductItem\nLookUpProductItem select(mapColumn(\n\t\tProductItem,\n\t\tId = PullFromSequel@Id,\n\t\tName,\n\t\tType,\n\t\tPrice\n\t),\n\tskipDuplicateMapInputs: true,\n\tskipDuplicateMapOutputs: true) ~> SelectColumns\nSelectColumns sink(allowSchemaDrift: true,\n\tvalidateSchema: false,\n\tskipDuplicateMapInputs: true,\n\tskipDuplicateMapOutputs: true) ~> SendToADLS"
                }
            },
            "dependsOn": [
                "[concat(variables('factoryId'), '/datasets/DataFlowSequel')]",
                "[concat(variables('factoryId'), '/datasets/ProductItem')]",
                "[concat(variables('factoryId'), '/datasets/SelectToADLS')]"
            ]
        }
    ]
}